--
-- PostgreSQL database dump
--

-- Dumped from database version 12.9 (Ubuntu 12.9-2.pgdg20.04+1)
-- Dumped by pg_dump version 12.9 (Ubuntu 12.9-2.pgdg20.04+1)

SET statement_timeout = 0;
SET lock_timeout = 0;
SET idle_in_transaction_session_timeout = 0;
SET client_encoding = 'UTF8';
SET standard_conforming_strings = on;
SELECT pg_catalog.set_config('search_path', '', false);
SET check_function_bodies = false;
SET xmloption = content;
SET client_min_messages = warning;
SET row_security = off;

DROP DATABASE universe;
--
-- Name: universe; Type: DATABASE; Schema: -; Owner: freecodecamp
--

CREATE DATABASE universe WITH TEMPLATE = template0 ENCODING = 'UTF8' LC_COLLATE = 'C.UTF-8' LC_CTYPE = 'C.UTF-8';


ALTER DATABASE universe OWNER TO freecodecamp;

\connect universe

SET statement_timeout = 0;
SET lock_timeout = 0;
SET idle_in_transaction_session_timeout = 0;
SET client_encoding = 'UTF8';
SET standard_conforming_strings = on;
SELECT pg_catalog.set_config('search_path', '', false);
SET check_function_bodies = false;
SET xmloption = content;
SET client_min_messages = warning;
SET row_security = off;

SET default_tablespace = '';

SET default_table_access_method = heap;

--
-- Name: galaxy; Type: TABLE; Schema: public; Owner: freecodecamp
--

CREATE TABLE public.galaxy (
    galaxy_id integer NOT NULL,
    name character varying(30) NOT NULL,
    diameter numeric(10,2) NOT NULL,
    num_stars integer,
    type text,
    supercluster_id integer
);


ALTER TABLE public.galaxy OWNER TO freecodecamp;

--
-- Name: galaxy_galaxy_id_seq; Type: SEQUENCE; Schema: public; Owner: freecodecamp
--

CREATE SEQUENCE public.galaxy_galaxy_id_seq
    AS integer
    START WITH 1
    INCREMENT BY 1
    NO MINVALUE
    NO MAXVALUE
    CACHE 1;


ALTER TABLE public.galaxy_galaxy_id_seq OWNER TO freecodecamp;

--
-- Name: galaxy_galaxy_id_seq; Type: SEQUENCE OWNED BY; Schema: public; Owner: freecodecamp
--

ALTER SEQUENCE public.galaxy_galaxy_id_seq OWNED BY public.galaxy.galaxy_id;


--
-- Name: moon; Type: TABLE; Schema: public; Owner: freecodecamp
--

CREATE TABLE public.moon (
    moon_id integer NOT NULL,
    name character varying(30) NOT NULL,
    diameter numeric(6,2),
    is_spherical boolean,
    planet_id integer
);


ALTER TABLE public.moon OWNER TO freecodecamp;

--
-- Name: moon_moon_id_seq; Type: SEQUENCE; Schema: public; Owner: freecodecamp
--

CREATE SEQUENCE public.moon_moon_id_seq
    AS integer
    START WITH 1
    INCREMENT BY 1
    NO MINVALUE
    NO MAXVALUE
    CACHE 1;


ALTER TABLE public.moon_moon_id_seq OWNER TO freecodecamp;

--
-- Name: moon_moon_id_seq; Type: SEQUENCE OWNED BY; Schema: public; Owner: freecodecamp
--

ALTER SEQUENCE public.moon_moon_id_seq OWNED BY public.moon.moon_id;


--
-- Name: planet; Type: TABLE; Schema: public; Owner: freecodecamp
--

CREATE TABLE public.planet (
    planet_id integer NOT NULL,
    name character varying(30) NOT NULL,
    diameter numeric(8,1),
    has_life boolean,
    star_id integer
);


ALTER TABLE public.planet OWNER TO freecodecamp;

--
-- Name: planet_planet_id_seq; Type: SEQUENCE; Schema: public; Owner: freecodecamp
--

CREATE SEQUENCE public.planet_planet_id_seq
    AS integer
    START WITH 1
    INCREMENT BY 1
    NO MINVALUE
    NO MAXVALUE
    CACHE 1;


ALTER TABLE public.planet_planet_id_seq OWNER TO freecodecamp;

--
-- Name: planet_planet_id_seq; Type: SEQUENCE OWNED BY; Schema: public; Owner: freecodecamp
--

ALTER SEQUENCE public.planet_planet_id_seq OWNED BY public.planet.planet_id;


--
-- Name: star; Type: TABLE; Schema: public; Owner: freecodecamp
--

CREATE TABLE public.star (
    star_id integer NOT NULL,
    name character varying(30) NOT NULL,
    galaxy_id integer,
    type text,
    diameter integer
);


ALTER TABLE public.star OWNER TO freecodecamp;

--
-- Name: star_star_id_seq; Type: SEQUENCE; Schema: public; Owner: freecodecamp
--

CREATE SEQUENCE public.star_star_id_seq
    AS integer
    START WITH 1
    INCREMENT BY 1
    NO MINVALUE
    NO MAXVALUE
    CACHE 1;


ALTER TABLE public.star_star_id_seq OWNER TO freecodecamp;

--
-- Name: star_star_id_seq; Type: SEQUENCE OWNED BY; Schema: public; Owner: freecodecamp
--

ALTER SEQUENCE public.star_star_id_seq OWNED BY public.star.star_id;


--
-- Name: supercluster; Type: TABLE; Schema: public; Owner: freecodecamp
--

CREATE TABLE public.supercluster (
    supercluster_id integer NOT NULL,
    name character varying(30) NOT NULL,
    galaxies integer
);


ALTER TABLE public.supercluster OWNER TO freecodecamp;

--
-- Name: supercluster_cluster_id_seq; Type: SEQUENCE; Schema: public; Owner: freecodecamp
--

CREATE SEQUENCE public.supercluster_cluster_id_seq
    AS integer
    START WITH 1
    INCREMENT BY 1
    NO MINVALUE
    NO MAXVALUE
    CACHE 1;


ALTER TABLE public.supercluster_cluster_id_seq OWNER TO freecodecamp;

--
-- Name: supercluster_cluster_id_seq; Type: SEQUENCE OWNED BY; Schema: public; Owner: freecodecamp
--

ALTER SEQUENCE public.supercluster_cluster_id_seq OWNED BY public.supercluster.supercluster_id;


--
-- Name: galaxy galaxy_id; Type: DEFAULT; Schema: public; Owner: freecodecamp
--

ALTER TABLE ONLY public.galaxy ALTER COLUMN galaxy_id SET DEFAULT nextval('public.galaxy_galaxy_id_seq'::regclass);


--
-- Name: moon moon_id; Type: DEFAULT; Schema: public; Owner: freecodecamp
--

ALTER TABLE ONLY public.moon ALTER COLUMN moon_id SET DEFAULT nextval('public.moon_moon_id_seq'::regclass);


--
-- Name: planet planet_id; Type: DEFAULT; Schema: public; Owner: freecodecamp
--

ALTER TABLE ONLY public.planet ALTER COLUMN planet_id SET DEFAULT nextval('public.planet_planet_id_seq'::regclass);


--
-- Name: star star_id; Type: DEFAULT; Schema: public; Owner: freecodecamp
--

ALTER TABLE ONLY public.star ALTER COLUMN star_id SET DEFAULT nextval('public.star_star_id_seq'::regclass);


--
-- Name: supercluster supercluster_id; Type: DEFAULT; Schema: public; Owner: freecodecamp
--

ALTER TABLE ONLY public.supercluster ALTER COLUMN supercluster_id SET DEFAULT nextval('public.supercluster_cluster_id_seq'::regclass);


--
-- Data for Name: galaxy; Type: TABLE DATA; Schema: public; Owner: freecodecamp
--

INSERT INTO public.galaxy VALUES (1, 'Milky Way', 87400.00, NULL, NULL, 1);
INSERT INTO public.galaxy VALUES (2, 'Andromeda 1', 152000.00, NULL, NULL, 1);
INSERT INTO public.galaxy VALUES (3, 'Triangulum', 60000.00, NULL, NULL, 1);
INSERT INTO public.galaxy VALUES (4, 'LMC', 32200.00, NULL, NULL, 1);
INSERT INTO public.galaxy VALUES (5, 'NGC 3109', 23017.00, NULL, NULL, 1);
INSERT INTO public.galaxy VALUES (6, 'Messier 32', 6550.00, NULL, NULL, 1);


--
-- Data for Name: moon; Type: TABLE DATA; Schema: public; Owner: freecodecamp
--

INSERT INTO public.moon VALUES (4, 'Luna', NULL, NULL, 3);
INSERT INTO public.moon VALUES (5, 'A', NULL, NULL, 2);
INSERT INTO public.moon VALUES (6, 'B', NULL, NULL, 3);
INSERT INTO public.moon VALUES (7, 'C', NULL, NULL, 3);
INSERT INTO public.moon VALUES (8, 'D', NULL, NULL, 4);
INSERT INTO public.moon VALUES (9, 'E', NULL, NULL, 4);
INSERT INTO public.moon VALUES (10, 'F', NULL, NULL, 5);
INSERT INTO public.moon VALUES (11, 'G', NULL, NULL, 5);
INSERT INTO public.moon VALUES (12, 'H', NULL, NULL, 5);
INSERT INTO public.moon VALUES (13, 'I', NULL, NULL, 5);
INSERT INTO public.moon VALUES (14, 'J', NULL, NULL, 5);
INSERT INTO public.moon VALUES (15, 'K', NULL, NULL, 5);
INSERT INTO public.moon VALUES (16, 'L', NULL, NULL, 5);
INSERT INTO public.moon VALUES (17, 'M', NULL, NULL, 5);
INSERT INTO public.moon VALUES (18, 'N', NULL, NULL, 5);
INSERT INTO public.moon VALUES (19, 'O', NULL, NULL, 5);
INSERT INTO public.moon VALUES (20, 'P', NULL, NULL, 5);
INSERT INTO public.moon VALUES (21, 'Q', NULL, NULL, 5);
INSERT INTO public.moon VALUES (22, 'R', NULL, NULL, 6);
INSERT INTO public.moon VALUES (23, 'S', NULL, NULL, 6);
INSERT INTO public.moon VALUES (24, 'T', NULL, NULL, 6);
INSERT INTO public.moon VALUES (25, 'U', NULL, NULL, 6);
INSERT INTO public.moon VALUES (26, 'V', NULL, NULL, 6);
INSERT INTO public.moon VALUES (27, 'W', NULL, NULL, 6);


--
-- Data for Name: planet; Type: TABLE DATA; Schema: public; Owner: freecodecamp
--

INSERT INTO public.planet VALUES (1, 'Mercury', NULL, NULL, 1);
INSERT INTO public.planet VALUES (2, 'Venus', NULL, NULL, 1);
INSERT INTO public.planet VALUES (3, 'Earth', NULL, NULL, 1);
INSERT INTO public.planet VALUES (4, 'Mars', NULL, NULL, 1);
INSERT INTO public.planet VALUES (5, 'Jupiter', NULL, NULL, 1);
INSERT INTO public.planet VALUES (6, 'Saturn', NULL, NULL, 1);
INSERT INTO public.planet VALUES (7, 'Uranus', NULL, NULL, 1);
INSERT INTO public.planet VALUES (8, 'Neptune', NULL, NULL, 1);
INSERT INTO public.planet VALUES (9, 'A', NULL, NULL, 2);
INSERT INTO public.planet VALUES (10, 'B', NULL, NULL, 2);
INSERT INTO public.planet VALUES (11, 'C', NULL, NULL, 2);
INSERT INTO public.planet VALUES (12, 'D', NULL, NULL, 2);


--
-- Data for Name: star; Type: TABLE DATA; Schema: public; Owner: freecodecamp
--

INSERT INTO public.star VALUES (1, 'Sol', 1, NULL, NULL);
INSERT INTO public.star VALUES (2, 'Alpha Centuria', 1, NULL, NULL);
INSERT INTO public.star VALUES (3, 'Bernards Star', 1, NULL, NULL);
INSERT INTO public.star VALUES (4, 'Sirius A', 1, NULL, NULL);
INSERT INTO public.star VALUES (5, 'Sirius B', 1, NULL, NULL);
INSERT INTO public.star VALUES (6, 'Tau Ceti', 1, NULL, NULL);


--
-- Data for Name: supercluster; Type: TABLE DATA; Schema: public; Owner: freecodecamp
--

INSERT INTO public.supercluster VALUES (1, 'Virgo Supercluster', 1300);
INSERT INTO public.supercluster VALUES (2, 'mario supercluster', 1400);
INSERT INTO public.supercluster VALUES (3, 'Luigi Supercluster', 1300);


--
-- Name: galaxy_galaxy_id_seq; Type: SEQUENCE SET; Schema: public; Owner: freecodecamp
--

SELECT pg_catalog.setval('public.galaxy_galaxy_id_seq', 6, true);


--
-- Name: moon_moon_id_seq; Type: SEQUENCE SET; Schema: public; Owner: freecodecamp
--

SELECT pg_catalog.setval('public.moon_moon_id_seq', 27, true);


--
-- Name: planet_planet_id_seq; Type: SEQUENCE SET; Schema: public; Owner: freecodecamp
--

SELECT pg_catalog.setval('public.planet_planet_id_seq', 12, true);


--
-- Name: star_star_id_seq; Type: SEQUENCE SET; Schema: public; Owner: freecodecamp
--

SELECT pg_catalog.setval('public.star_star_id_seq', 6, true);


--
-- Name: supercluster_cluster_id_seq; Type: SEQUENCE SET; Schema: public; Owner: freecodecamp
--

SELECT pg_catalog.setval('public.supercluster_cluster_id_seq', 3, true);


--
-- Name: galaxy galaxy_name_key; Type: CONSTRAINT; Schema: public; Owner: freecodecamp
--

ALTER TABLE ONLY public.galaxy
    ADD CONSTRAINT galaxy_name_key UNIQUE (name);


--
-- Name: galaxy galaxy_pkey; Type: CONSTRAINT; Schema: public; Owner: freecodecamp
--

ALTER TABLE ONLY public.galaxy
    ADD CONSTRAINT galaxy_pkey PRIMARY KEY (galaxy_id);


--
-- Name: moon moon_name_key; Type: CONSTRAINT; Schema: public; Owner: freecodecamp
--

ALTER TABLE ONLY public.moon
    ADD CONSTRAINT moon_name_key UNIQUE (name);


--
-- Name: moon moon_pkey; Type: CONSTRAINT; Schema: public; Owner: freecodecamp
--

ALTER TABLE ONLY public.moon
    ADD CONSTRAINT moon_pkey PRIMARY KEY (moon_id);


--
-- Name: planet planet_name_key; Type: CONSTRAINT; Schema: public; Owner: freecodecamp
--

ALTER TABLE ONLY public.planet
    ADD CONSTRAINT planet_name_key UNIQUE (name);


--
-- Name: planet planet_pkey; Type: CONSTRAINT; Schema: public; Owner: freecodecamp
--

ALTER TABLE ONLY public.planet
    ADD CONSTRAINT planet_pkey PRIMARY KEY (planet_id);


--
-- Name: star star_name_key; Type: CONSTRAINT; Schema: public; Owner: freecodecamp
--

ALTER TABLE ONLY public.star
    ADD CONSTRAINT star_name_key UNIQUE (name);


--
-- Name: star star_pkey; Type: CONSTRAINT; Schema: public; Owner: freecodecamp
--

ALTER TABLE ONLY public.star
    ADD CONSTRAINT star_pkey PRIMARY KEY (star_id);


--
-- Name: supercluster supercluster_name_key; Type: CONSTRAINT; Schema: public; Owner: freecodecamp
--

ALTER TABLE ONLY public.supercluster
    ADD CONSTRAINT supercluster_name_key UNIQUE (name);


--
-- Name: supercluster supercluster_pkey; Type: CONSTRAINT; Schema: public; Owner: freecodecamp
--

ALTER TABLE ONLY public.supercluster
    ADD CONSTRAINT supercluster_pkey PRIMARY KEY (supercluster_id);


--
-- Name: galaxy galaxy_supercluster_id_fkey; Type: FK CONSTRAINT; Schema: public; Owner: freecodecamp
--

ALTER TABLE ONLY public.galaxy
    ADD CONSTRAINT galaxy_supercluster_id_fkey FOREIGN KEY (supercluster_id) REFERENCES public.supercluster(supercluster_id);


--
-- Name: moon moon_planet_id_fkey; Type: FK CONSTRAINT; Schema: public; Owner: freecodecamp
--

ALTER TABLE ONLY public.moon
    ADD CONSTRAINT moon_planet_id_fkey FOREIGN KEY (planet_id) REFERENCES public.planet(planet_id);


--
-- Name: planet planet_star_id_fkey; Type: FK CONSTRAINT; Schema: public; Owner: freecodecamp
--

ALTER TABLE ONLY public.planet
    ADD CONSTRAINT planet_star_id_fkey FOREIGN KEY (star_id) REFERENCES public.star(star_id);


--
-- Name: star star_galaxy_id_fkey; Type: FK CONSTRAINT; Schema: public; Owner: freecodecamp
--

ALTER TABLE ONLY public.star
    ADD CONSTRAINT star_galaxy_id_fkey FOREIGN KEY (galaxy_id) REFERENCES public.galaxy(galaxy_id);


--
-- PostgreSQL database dump complete
--


